Label_prot,Gene_prot,Site_prot,Ref_prot,Mut_prot,LLR_prot,Label_gene,Gene_gene,Site_gene,Ref_gene,Mut_gene,LLR_gene
likely_benign,MYOC,46,R,,,likely_benign,MYOC,46,CGA,UGA,-9.530326923750328
likely_benign,CHMP2B,186,R,,,likely_benign,CHMP2B,186,CGA,UGA,-10.525121702405269
likely_benign,TREX2,87,R,,,likely_benign,TREX2,87,CGA,UGA,-9.137994996975472
likely_benign,MIB1,126,R,,,likely_benign,MIB1,126,CGA,UGA,-12.15475277788932
likely_benign,ULK4,862,R,,,likely_benign,ULK4,862,CGA,UGA,-9.02312658658927
likely_benign,HRAS,22,Q,,,likely_benign,HRAS,22,CAG,UAG,-12.342609392828608
likely_benign,MRNIP,240,S,,,likely_benign,MRNIP,240,UCA,UGA,-9.958932934832823
likely_benign,RP1L1,2015,E,,,likely_benign,RP1L1,2015,GAG,UAG,-14.530867482811916
likely_benign,KRT4,156,Q,,,likely_benign,KRT4,156,CAG,UAG,-7.871285966510629
likely_benign,KRT4,69,R,,,likely_benign,KRT4,69,CGA,UGA,-10.466204675972469
likely_benign,ATP13A5,355,Q,,,likely_benign,ATP13A5,355,CAG,UAG,-10.89909177388842
likely_benign,UGT2A1,192,Y,,,likely_benign,UGT2A1,192,UAU,UAA,-11.771165759009618
likely_benign,MMP8,450,Q,,,likely_benign,MMP8,450,CAG,UAG,-11.619474482510816
likely_benign,RAD52,415,Y,,,likely_benign,RAD52,415,UAU,UAG,-9.887968104968508
likely_benign,RORC,10,R,,,likely_benign,RORC,10,CGA,UGA,-8.874320975000908
likely_benign,NME8,152,Q,,,likely_benign,NME8,152,CAG,UAG,-10.37284669254488
likely_benign,NEBL,736,E,,,likely_benign,NEBL,736,GAA,UAA,-15.312297760034792
likely_benign,CCDC78,158,Q,,,likely_benign,CCDC78,158,CAG,UAG,-11.256687217636038
likely_benign,BRCA2,3416,K,,,likely_benign,BRCA2,3416,AAA,UAA,-12.53350832468116
likely_benign,DNM1,846,R,,,likely_benign,DNM1,846,CGA,UGA,-11.331298740172654
likely_benign,CHD1L,804,Q,,,likely_benign,CHD1L,804,CAG,UAG,-10.758200617204544
likely_benign,NLRC4,30,W,,,likely_benign,NLRC4,30,UGG,UGA,-12.21992491716433
likely_benign,KCNH5,985,E,,,likely_benign,KCNH5,985,GAA,UAA,-12.865863819944623
likely_benign,KMT2D,4233,Q,,,likely_benign,KMT2D,4233,CAG,UAG,-12.278984078064552
likely_benign,USH1C,614,Q,,,likely_benign,USH1C,614,CAA,UAA,-10.399550457701285
likely_benign,PCSK9,190,Q,,,likely_benign,PCSK9,190,CAG,UAG,-10.633145297271207
likely_benign,IFIH1,230,Q,,,likely_benign,IFIH1,230,CAG,UAG,-10.863864888532532
likely_benign,ENTREP1,361,Q,,,likely_benign,ENTREP1,361,CAG,UAG,-10.92453381795913
likely_benign,NME8,534,R,,,likely_benign,NME8,534,CGA,UGA,-10.864322612729527
likely_benign,DNAH7,121,R,,,likely_benign,DNAH7,121,CGA,UGA,-9.69774149757292
likely_benign,MYH15,1121,R,,,likely_benign,MYH15,1121,CGA,UGA,-11.461818728628954
likely_benign,UNC93A,226,R,,,likely_benign,UNC93A,226,CGA,UGA,-10.388716665505738
likely_benign,CPA4,259,W,,,likely_benign,CPA4,259,UGG,UGA,-18.00178914091105
likely_benign,PCM1,1353,E,,,likely_benign,PCM1,1353,GAG,UAG,-11.790725718674604
likely_benign,BCO2,472,R,,,likely_benign,BCO2,472,CGA,UGA,-12.298785169172602
likely_benign,ABCC12,831,Q,,,likely_benign,ABCC12,831,CAG,UAG,-11.164909333530716
likely_benign,ZNF528,428,R,,,likely_benign,ZNF528,428,CGA,UGA,-11.484310093180357
likely_benign,HSPA6,437,Q,,,likely_benign,HSPA6,437,CAG,UAG,-13.257310858632051
likely_benign,PADI2,340,Q,,,likely_benign,PADI2,340,CAG,UAG,-10.786678369625715
likely_benign,ZNF589,255,R,,,likely_benign,ZNF589,255,CGA,UGA,-13.547760967273057
likely_benign,MST1R,690,Q,,,likely_benign,MST1R,690,CAA,UAA,-10.265514352235698
likely_benign,UGT2A1,457,R,,,likely_benign,UGT2A1,457,CGA,UGA,-10.97526353811724
likely_benign,PCDHGA10,730,Q,,,likely_benign,PCDHGA10,730,CAG,UAG,-11.945331556845163
likely_benign,SVOPL,170,R,,,likely_benign,SVOPL,170,CGA,UGA,-13.233763682955102
likely_benign,MAPK15,192,S,,,likely_benign,MAPK15,192,UCG,UAG,-11.34110362617609
likely_benign,AKR1C3,190,Q,,,likely_benign,AKR1C3,190,CAG,UAG,-13.845548650607256
likely_benign,ADPRHL1,53,W,,,likely_benign,ADPRHL1,53,UGG,UAG,-11.895458222450578
likely_benign,MICU2,306,K,,,likely_benign,MICU2,306,AAG,UAG,-13.210511181974317
likely_benign,FSCB,140,W,,,likely_benign,FSCB,140,UGG,UGA,-11.3479060446918
likely_benign,LTK,813,E,,,likely_benign,LTK,813,GAG,UAG,-11.560031879155098
likely_benign,S1PR5,393,S,,,likely_benign,S1PR5,393,UCA,UGA,-10.156356763603876
likely_benign,ZNF440,412,R,,,likely_benign,ZNF440,412,CGA,UGA,-12.674288808645311
likely_benign,ZNF543,68,W,,,likely_benign,ZNF543,68,UGG,UAG,-11.760253911295584
likely_benign,GARIN4,555,K,,,likely_benign,GARIN4,555,AAG,UAG,-11.703081045839946
likely_benign,DNAH7,3978,Y,,,likely_benign,DNAH7,3978,UAU,UAA,-9.93739420631676
likely_benign,A4GNT,266,R,,,likely_benign,A4GNT,266,CGA,UGA,-9.38581967191748
likely_benign,HRG,294,E,,,likely_benign,HRG,294,GAA,UAA,-9.204679542975711
likely_benign,XIRP1,570,R,,,likely_benign,XIRP1,570,CGA,UGA,-9.170552176518871
likely_benign,TRIM31,410,E,,,likely_benign,TRIM31,410,GAG,UAG,-11.425280587154129
likely_benign,DEFB1,37,C,,,likely_benign,DEFB1,37,UGC,UGA,-12.673747143476197
likely_benign,DNHD1,3321,R,,,likely_benign,DNHD1,3321,CGA,UGA,-8.954732969265137
likely_benign,RHNO1,84,R,,,likely_benign,RHNO1,84,CGA,UGA,-9.73057359164102
likely_benign,IRAK3,180,Y,,,likely_benign,IRAK3,180,UAC,UAA,-13.402624111455994
likely_benign,EPYC,188,R,,,likely_benign,EPYC,188,CGA,UGA,-10.170324305036054
likely_benign,ZNF418,68,Q,,,likely_benign,ZNF418,68,CAG,UAG,-10.326993959725568
likely_benign,TMEM31,53,R,,,likely_benign,TMEM31,53,CGA,UGA,-9.975812921313038
likely_benign,RABL2B,176,R,,,likely_benign,RABL2B,176,CGA,UGA,-11.703525569426755
likely_benign,ETV3L,203,R,,,likely_benign,ETV3L,203,CGA,UGA,-8.64493754949704
likely_benign,LY9,478,R,,,likely_benign,LY9,478,CGA,UGA,-10.658449246427253
likely_benign,SLC2A5,32,Y,,,likely_benign,SLC2A5,32,UAU,UAG,-14.77729412676102
likely_benign,DNAH7,2875,R,,,likely_benign,DNAH7,2875,CGA,UGA,-9.334181710655564
likely_benign,CFAP44,1845,R,,,likely_benign,CFAP44,1845,CGA,UGA,-8.184997621282367
likely_benign,IGSF10,1602,E,,,likely_benign,IGSF10,1602,GAG,UAG,-8.718489677744849
likely_benign,MLF1,244,R,,,likely_benign,MLF1,244,CGA,UGA,-10.026915642581091
likely_benign,GK2,405,R,,,likely_benign,GK2,405,CGA,UGA,-11.874138864248582
likely_benign,ANKDD1B,462,Q,,,likely_benign,ANKDD1B,462,CAG,UAG,-11.878399888550437
likely_benign,BTN3A1,382,Y,,,likely_benign,BTN3A1,382,UAU,UAA,-8.64487595595611
likely_benign,CAPN11,133,Q,,,likely_benign,CAPN11,133,CAG,UAG,-14.789625168970884
likely_benign,CPA1,27,R,,,likely_benign,CPA1,27,CGA,UGA,-12.042804800562424
likely_benign,ASB10,296,R,,,likely_benign,ASB10,296,CGA,UGA,-8.318244905021707
likely_benign,AMZ1,481,R,,,likely_benign,AMZ1,481,CGA,UGA,-8.968684225111502
likely_benign,PRG3,215,C,,,likely_benign,PRG3,215,UGC,UGA,-13.051587081639967
likely_benign,DNHD1,4438,R,,,likely_benign,DNHD1,4438,CGA,UGA,-9.751548776087562
likely_benign,GPR68,336,E,,,likely_benign,GPR68,336,GAG,UAG,-11.61762425901908
likely_benign,SYNM,200,Q,,,likely_benign,SYNM,200,CAG,UAG,-13.19595438782513
likely_benign,KRT16,18,C,,,likely_benign,KRT16,18,UGC,UGA,-8.867650065414585
likely_benign,KIAA0753,896,Q,,,likely_benign,KIAA0753,896,CAG,UAG,-10.617592793958512
likely_benign,P2RY11,300,Y,,,likely_benign,P2RY11,300,UAC,UAG,-9.616231945616883
likely_benign,RLN3,41,R,,,likely_benign,RLN3,41,CGA,UGA,-10.474989902633595
likely_benign,ZNF816,220,Q,,,likely_benign,ZNF816,220,CAG,UAG,-10.41215035534382
likely_benign,PEG3,68,R,,,likely_benign,PEG3,68,CGA,UGA,-10.447113064253708
likely_benign,MNDA,356,W,,,likely_benign,MNDA,356,UGG,UAG,-12.386429775349264
likely_benign,SCN7A,1622,R,,,likely_benign,SCN7A,1622,CGA,UGA,-10.12509827393949
likely_benign,CCDC141,1167,L,,,likely_benign,CCDC141,1167,UUG,UAG,-8.175144218600659
likely_benign,PTH2R,284,W,,,likely_benign,PTH2R,284,UGG,UAG,-14.86752324670801
likely_benign,RRH,141,Y,,,likely_benign,RRH,141,UAC,UAA,-10.058261358068064
likely_benign,PCDHGA10,11,S,,,likely_benign,PCDHGA10,11,UCA,UGA,-8.820866635857222
likely_benign,GAL3ST4,289,W,,,likely_benign,GAL3ST4,289,UGG,UGA,-11.803427716846397
likely_benign,KAZALD1,285,R,,,likely_benign,KAZALD1,285,CGA,UGA,-9.554330800582228
likely_benign,IFITM5,64,R,,,likely_benign,IFITM5,64,CGA,UGA,-9.42045784551734
likely_benign,MCTP2,542,R,,,likely_benign,MCTP2,542,CGA,UGA,-10.828757300591386
likely_benign,CCDC78,252,W,,,likely_benign,CCDC78,252,UGG,UAG,-11.974253679519002
likely_benign,WFDC1,193,R,,,likely_benign,WFDC1,193,CGA,UGA,-10.74165727986052
likely_benign,ANGPTL6,5,W,,,likely_benign,ANGPTL6,5,UGG,UGA,-11.447790100182218
likely_benign,FAM98C,340,C,,,likely_benign,FAM98C,340,UGU,UGA,-9.111946922354385
likely_benign,CAPN12,554,Q,,,likely_benign,CAPN12,554,CAG,UAG,-12.399122207157417
likely_benign,ZNF135,197,E,,,likely_benign,ZNF135,197,GAG,UAG,-11.20474048970868
likely_benign,TRPM2,427,Q,,,likely_benign,TRPM2,427,CAG,UAG,-10.968479110956554
likely_benign,NOX1,356,R,,,likely_benign,NOX1,356,CGA,UGA,-11.19118125469181
likely_benign,MELK,265,Q,,,likely_benign,MELK,265,CAA,UAA,-10.952722984758056
likely_benign,KRT13,226,E,,,likely_benign,KRT13,226,GAG,UAG,-12.735109322841916
likely_benign,KRT17,262,K,,,likely_benign,KRT17,262,AAG,UAG,-13.903728509819144
likely_benign,TRMT10B,289,Y,,,likely_benign,TRMT10B,289,UAC,UAA,-11.859897691418707
likely_benign,ATM,1770,S,,,likely_benign,ATM,1770,UCA,UAA,-10.905511828378886
likely_benign,KIT,448,Q,,,likely_benign,KIT,448,CAG,UAG,-11.07072644872066
likely_benign,BRCA2,3338,S,,,likely_benign,BRCA2,3338,UCA,UGA,-10.8522806840758
likely_benign,DNM1,256,R,,,likely_benign,DNM1,256,CGA,UGA,-9.959506451804632
likely_benign,KCNH5,882,R,,,likely_benign,KCNH5,882,CGA,UGA,-9.046818753415849
likely_benign,TRPM1,1492,W,,,likely_benign,TRPM1,1492,UGG,UAG,-11.202997231258404
likely_benign,PCSK9,48,E,,,likely_benign,PCSK9,48,GAG,UAG,-11.806718813902291
likely_benign,PCSK9,171,Y,,,likely_benign,PCSK9,171,UAC,UAA,-11.42740822717072
likely_benign,PCSK9,382,Q,,,likely_benign,PCSK9,382,CAG,UAG,-10.611724783410503
likely_benign,PCSK9,582,R,,,likely_benign,PCSK9,582,CGA,UGA,-8.152742275717129
likely_benign,PCSK9,619,Q,,,likely_benign,PCSK9,619,CAG,UAG,-9.757913571401378
likely_benign,DHX58,158,Q,,,likely_benign,DHX58,158,CAG,UAG,-12.019050686731976
likely_benign,SERPINA10,88,R,,,likely_benign,SERPINA10,88,CGA,UGA,-10.22176454808862
likely_benign,DNMT3A,23,R,,,likely_benign,DNMT3A,23,CGA,UGA,-8.732984598112061
likely_benign,KCNB1,670,R,,,likely_benign,KCNB1,670,CGA,UGA,-9.911819484145392
likely_benign,NOP56,593,E,,,likely_benign,NOP56,593,GAA,UAA,-13.089820824300691
likely_benign,IFIH1,384,W,,,likely_benign,IFIH1,384,UGG,UGA,-11.675603847753306
likely_benign,EGF,1163,R,,,likely_benign,EGF,1163,CGA,UGA,-9.650290481178526
likely_benign,CNGB3,742,K,,,likely_benign,CNGB3,742,AAA,UAA,-15.357538183579354
likely_benign,KCNH5,480,R,,,likely_benign,KCNH5,480,CGA,UGA,-12.249661414144768
likely_benign,JAK1,138,Y,,,likely_benign,JAK1,138,UAC,UAA,-8.67193224738174
likely_benign,OAS1,47,R,,,likely_benign,OAS1,47,CGA,UGA,-9.47500126330726
likely_benign,DTHD1,803,W,,,likely_benign,DTHD1,803,UGG,UGA,-11.503885234802087
likely_benign,PCSK9,90,Q,,,likely_benign,PCSK9,90,CAG,UAG,-10.791110896564506
likely_benign,MEF2C,431,Y,,,likely_benign,MEF2C,431,UAC,UAG,-8.393452646835497
likely_benign,KMT2C,391,C,,,likely_benign,KMT2C,391,UGC,UGA,-10.484544757577488
likely_benign,MMP10,400,Y,,,likely_benign,MMP10,400,UAC,UAA,-12.33970736237813
likely_benign,PCSK9,258,K,,,likely_benign,PCSK9,258,AAG,UAG,-12.319002056429683
likely_benign,TRAK2,866,Q,,,likely_benign,TRAK2,866,CAA,UAA,-10.153169617683076
likely_benign,TRPA1,652,R,,,likely_benign,TRPA1,652,CGA,UGA,-9.880105043778538
likely_benign,KIRREL3,768,R,,,likely_benign,KIRREL3,768,CGA,UGA,-8.59473516666647
likely_benign,RHOBTB2,391,R,,,likely_benign,RHOBTB2,391,CGA,UGA,-10.097008667944012
likely_benign,KCNH1,981,S,,,likely_benign,KCNH1,981,UCA,UGA,-10.658410086901185
likely_benign,SETBP1,1566,Q,,,likely_benign,SETBP1,1566,CAG,UAG,-12.084343012588608
likely_benign,COL12A1,878,Q,,,likely_benign,COL12A1,878,CAA,UAA,-11.76704023925327
likely_benign,TNNI3K,391,E,,,likely_benign,TNNI3K,391,GAA,UAA,-11.960793487254248
likely_benign,KCNK4,327,Q,,,likely_benign,KCNK4,327,CAG,UAG,-11.279047956366451
likely_benign,MTOR,1896,R,,,likely_benign,MTOR,1896,CGA,UGA,-9.221013053573351
likely_benign,ZNF335,1290,Q,,,likely_benign,ZNF335,1290,CAA,UAA,-11.024823133760732
likely_benign,IGSF10,1788,S,,,likely_benign,IGSF10,1788,UCA,UGA,-10.642547683454795
likely_benign,TRPM1,1539,R,,,likely_benign,TRPM1,1539,CGA,UGA,-10.203177446217635
likely_benign,IFIH1,384,W,,,likely_benign,IFIH1,384,UGG,UAG,-11.73424816777934
likely_benign,RHOBTB2,336,R,,,likely_benign,RHOBTB2,336,CGA,UGA,-9.591077757388138
likely_benign,SLC25A21,208,W,,,likely_benign,SLC25A21,208,UGG,UAG,-14.59646796915995
likely_benign,RHOBTB2,205,R,,,likely_benign,RHOBTB2,205,CGA,UGA,-14.120019851930511
likely_benign,MTOR,2441,R,,,likely_benign,MTOR,2441,CGA,UGA,-10.27020936934209
likely_benign,KCNH5,151,R,,,likely_benign,KCNH5,151,CGA,UGA,-10.195209460582852
likely_benign,CARD14,535,Q,,,likely_benign,CARD14,535,CAG,UAG,-10.729047768277784
likely_benign,CNGB3,717,E,,,likely_benign,CNGB3,717,GAA,UAA,-13.598341940442412
likely_benign,SNAP25,142,R,,,likely_benign,SNAP25,142,CGA,UGA,-12.069833767094703
likely_benign,GUF1,220,E,,,likely_benign,GUF1,220,GAA,UAA,-14.113752400453729
likely_benign,GRIN1,475,E,,,likely_benign,GRIN1,475,GAG,UAG,-14.37176705010045
likely_benign,ASH1L,2008,L,,,likely_benign,ASH1L,2008,UUG,UAG,-8.211655636999309
likely_benign,SENP6,157,R,,,likely_benign,SENP6,157,CGA,UGA,-8.742292447535592
likely_benign,SPOP,339,K,,,likely_benign,SPOP,339,AAG,UAG,-11.8952274102531
likely_benign,OBSCN,1894,Q,,,likely_benign,OBSCN,1894,CAG,UAG,-11.843161597166027
likely_benign,BRCA2,3343,E,,,likely_benign,BRCA2,3343,GAA,UAA,-11.437214901253109
likely_benign,CPA1,367,W,,,likely_benign,CPA1,367,UGG,UAG,-15.51980589063056
likely_benign,NME8,364,E,,,likely_benign,NME8,364,GAA,UAA,-12.598213208119748
likely_benign,WDR87,908,W,,,likely_benign,WDR87,908,UGG,UGA,-11.69513135673204
likely_benign,ALPK1,210,W,,,likely_benign,ALPK1,210,UGG,UGA,-12.777584062935356
likely_benign,STEAP3,271,C,,,likely_benign,STEAP3,271,UGC,UGA,-9.576869958035314
likely_benign,SLC25A24,209,R,,,likely_benign,SLC25A24,209,CGA,UGA,-10.486145983530998
likely_benign,AUTS2,1160,E,,,likely_benign,AUTS2,1160,GAA,UAA,-11.397346535944106
likely_benign,SLC25A24,432,R,,,likely_benign,SLC25A24,432,CGA,UGA,-12.89839750453748
likely_benign,KCNJ5,32,Y,,,likely_benign,KCNJ5,32,UAU,UAA,-10.788528408410436
likely_benign,ADGRE2,570,S,,,likely_benign,ADGRE2,570,UCA,UAA,-10.3985938855858
likely_benign,NLRC4,103,Q,,,likely_benign,NLRC4,103,CAG,UAG,-9.917842842239164
likely_benign,KIF22,11,R,,,likely_benign,KIF22,11,CGA,UGA,-10.530651136229118
likely_benign,CCDC78,430,Q,,,likely_benign,CCDC78,430,CAG,UAG,-12.563204764775376
likely_benign,RBM20,357,S,,,likely_benign,RBM20,357,UCA,UAA,-11.255199420125727
likely_benign,ALPK1,994,Q,,,likely_benign,ALPK1,994,CAG,UAG,-11.306942038063845
likely_benign,MTOR,2181,E,,,likely_benign,MTOR,2181,GAG,UAG,-12.411544810103749
likely_benign,MICAL1,970,W,,,likely_benign,MICAL1,970,UGG,UGA,-11.706616423992084
likely_benign,TGM6,238,W,,,likely_benign,TGM6,238,UGG,UAG,-13.280214251570266
likely_benign,ABCC9,189,R,,,likely_benign,ABCC9,189,CGA,UGA,-8.803799653375695
likely_benign,RNLS,269,Q,,,likely_benign,RNLS,269,CAG,UAG,-12.030981947434658
likely_benign,ADGRE2,708,W,,,likely_benign,ADGRE2,708,UGG,UGA,-13.975605020844723
likely_benign,MTOR,1612,R,,,likely_benign,MTOR,1612,CGA,UGA,-9.985677752399445
likely_benign,KIF2A,393,Q,,,likely_benign,KIF2A,393,CAG,UAG,-11.516396521880605
likely_benign,BRCA2,3361,Q,,,likely_benign,BRCA2,3361,CAA,UAA,-10.097181319574275
likely_benign,NFE2L2,34,R,,,likely_benign,NFE2L2,34,CGA,UGA,-9.482831941099338
likely_benign,SOS2,178,Q,,,likely_benign,SOS2,178,CAG,UAG,-9.1035365105357
likely_benign,IFIH1,910,C,,,likely_benign,IFIH1,910,UGC,UGA,-12.629072206153742
likely_benign,ZNF827,236,R,,,likely_benign,ZNF827,236,CGA,UGA,-9.296587013448573
likely_benign,NAV1,2005,W,,,likely_benign,NAV1,2005,UGG,UGA,-11.979302334546633
likely_benign,FBRSL1,39,E,,,likely_benign,FBRSL1,39,GAG,UAG,-11.16664418008325
likely_benign,NEFH,907,E,,,likely_benign,NEFH,907,GAG,UAG,-11.750131669410573
likely_benign,PAQR6,342,K,,,likely_benign,PAQR6,342,AAA,UAA,-13.66263003676642
likely_benign,SERPINA12,211,R,,,likely_benign,SERPINA12,211,CGA,UGA,-11.81216243347864
likely_benign,PRAMEF2,105,L,,,likely_benign,PRAMEF2,105,UUG,UAG,-8.540287013000945
likely_benign,ACSM2A,120,W,,,likely_benign,ACSM2A,120,UGG,UGA,-13.87447743773229
likely_benign,NBPF9,373,Q,,,likely_benign,NBPF9,373,CAG,UAG,-12.83002851971561
likely_benign,NBPF10,3088,E,,,likely_benign,NBPF10,3088,GAA,UAA,-14.389108649173798
likely_benign,HRNR,1078,Q,,,likely_benign,HRNR,1078,CAA,UAA,-13.49226670241636
likely_benign,APOBEC1,21,W,,,likely_benign,APOBEC1,21,UGG,UAG,-12.4019355801899
likely_benign,CLEC2A,137,W,,,likely_benign,CLEC2A,137,UGG,UGA,-11.127225843651816
likely_benign,ZNF486,210,Y,,,likely_benign,ZNF486,210,UAC,UAG,-13.39148144682564
likely_benign,TMEM134,84,R,,,likely_benign,TMEM134,84,CGA,UGA,-9.9215687995084
likely_benign,HDDC3,138,W,,,likely_benign,HDDC3,138,UGG,UGA,-14.080362342556294
likely_benign,TEKTIP1,77,Y,,,likely_benign,TEKTIP1,77,UAC,UAG,-11.78110885013636
likely_benign,OR52B2,243,C,,,likely_benign,OR52B2,243,UGU,UGA,-13.153070452637204
likely_benign,GOLGA6L22,466,E,,,likely_benign,GOLGA6L22,466,GAG,UAG,-13.87524224565586
likely_benign,GOLGA8H,490,Q,,,likely_benign,GOLGA8H,490,CAG,UAG,-10.82203958485299
likely_benign,C4orf54,306,E,,,likely_benign,C4orf54,306,GAG,UAG,-10.1805420343177
likely_benign,ATPSCKMT,182,R,,,likely_benign,ATPSCKMT,182,CGA,UGA,-11.532871174535916
likely_benign,GJA10,493,Q,,,likely_benign,GJA10,493,CAA,UAA,-9.033231735447618
likely_benign,USP17L4,41,S,,,likely_benign,USP17L4,41,UCA,UAA,-10.723180756970212
likely_benign,CRIPAK,39,R,,,likely_benign,CRIPAK,39,CGA,UGA,-9.60220242421532
likely_benign,EGFL8,74,Y,,,likely_benign,EGFL8,74,UAC,UAG,-10.734737392831692
likely_benign,CT45A9,139,Q,,,likely_benign,CT45A9,139,CAA,UAA,-10.406940370941678
likely_benign,PCDHA10,673,Q,,,likely_benign,PCDHA10,673,CAG,UAG,-11.01607794101108
likely_benign,MRNIP,38,Q,,,likely_benign,MRNIP,38,CAG,UAG,-10.88790416623473
likely_benign,ATP1B4,280,R,,,likely_benign,ATP1B4,280,CGA,UGA,-9.353525849163756
likely_benign,SIGLEC1,88,E,,,likely_benign,SIGLEC1,88,GAG,UAG,-12.978523254295691
likely_benign,CPLANE1,2704,Q,,,likely_benign,CPLANE1,2704,CAG,UAG,-10.37892344214433
likely_benign,SPATA31A6,1260,Y,,,likely_benign,SPATA31A6,1260,UAU,UAG,-9.254190502169225
likely_benign,ITIH6,1206,E,,,likely_benign,ITIH6,1206,GAG,UAG,-11.727174731143728
likely_benign,TRPA1,919,R,,,likely_benign,TRPA1,919,CGA,UGA,-7.838832402474749
likely_benign,WDR87,2661,Q,,,likely_benign,WDR87,2661,CAA,UAA,-10.507537768069056
likely_benign,BRCA2,3346,L,,,likely_benign,BRCA2,3346,UUG,UAG,-8.439321484540043
likely_benign,CNGB3,710,E,,,likely_benign,CNGB3,710,GAG,UAG,-12.165800125322214
likely_benign,LDB3,189,S,,,likely_benign,LDB3,189,UCG,UAG,-9.449992158864896
likely_benign,MICAL1,457,Q,,,likely_benign,MICAL1,457,CAG,UAG,-11.92793082361511
likely_benign,KCNB1,68,S,,,likely_benign,KCNB1,68,UCG,UAG,-13.653062878734609
likely_benign,MICAL1,870,K,,,likely_benign,MICAL1,870,AAA,UAA,-9.427659931670854
likely_benign,LOC128092249,24,L,,,likely_benign,LOC128092249,24,UUA,UAA,-10.67656995959341
likely_benign,MICAL1,21,Q,,,likely_benign,MICAL1,21,CAG,UAG,-11.86592672305065
likely_benign,CEP152,1646,Y,,,likely_benign,CEP152,1646,UAU,UAG,-10.539659478360656
likely_benign,SCN8A,226,R,,,likely_benign,SCN8A,226,CGA,UGA,-12.07929040107967
likely_benign,CACNA1E,1539,R,,,likely_benign,CACNA1E,1539,CGA,UGA,-12.029934843825709
likely_benign,PTDSS1,412,R,,,likely_benign,PTDSS1,412,CGA,UGA,-11.10893344831972
likely_benign,DVL3,113,R,,,likely_benign,DVL3,113,CGA,UGA,-9.281042059854688
likely_benign,CEP152,1529,E,,,likely_benign,CEP152,1529,GAA,UAA,-11.620706514429775
likely_benign,PIK3R2,494,Q,,,likely_benign,PIK3R2,494,CAG,UAG,-12.324384628662248
likely_benign,CEP152,1574,W,,,likely_benign,CEP152,1574,UGG,UAG,-11.423278744088131
likely_benign,TGM6,572,Y,,,likely_benign,TGM6,572,UAU,UAA,-9.435921649403298
likely_benign,MICAL1,379,Q,,,likely_benign,MICAL1,379,CAA,UAA,-9.1057558348579
likely_benign,PHKB,13,W,,,likely_benign,PHKB,13,UGG,UAG,-12.694505618100877
likely_benign,BRCA2,3393,E,,,likely_benign,BRCA2,3393,GAA,UAA,-11.176465034583767
likely_benign,MICAL1,934,R,,,likely_benign,MICAL1,934,CGA,UGA,-11.642423599774045
likely_benign,ANGPTL8,99,Q,,,likely_benign,ANGPTL8,99,CAG,UAG,-12.86273194503388
likely_benign,IFIH1,668,K,,,likely_benign,IFIH1,668,AAA,UAA,-12.883712806418233
likely_benign,IFIH1,581,W,,,likely_benign,IFIH1,581,UGG,UGA,-12.529655457409453
likely_benign,IFIH1,402,E,,,likely_benign,IFIH1,402,GAA,UAA,-13.42184451586994
likely_benign,IFIH1,312,Q,,,likely_benign,IFIH1,312,CAA,UAA,-11.732950228152196
likely_benign,MICAL1,732,W,,,likely_benign,MICAL1,732,UGG,UGA,-9.219336191596216
likely_benign,MICAL1,230,R,,,likely_benign,MICAL1,230,CGA,UGA,-10.09575168539604
likely_benign,MTOR,103,R,,,likely_benign,MTOR,103,CGA,UGA,-9.90404409391058
likely_benign,MYOF,980,W,,,likely_benign,MYOF,980,UGG,UGA,-11.911331231075016
likely_benign,ZNF674,437,E,,,likely_benign,ZNF674,437,GAA,UAA,-15.160085626250345
likely_benign,ALMS1,1724,Q,,,likely_benign,ALMS1,1724,CAG,UAG,-13.475843366200076
likely_benign,ARSD,331,W,,,likely_benign,ARSD,331,UGG,UAG,-14.104120355935123
likely_benign,CPZ,354,W,,,likely_benign,CPZ,354,UGG,UGA,-12.45999334527815
likely_benign,DNAH14,19,E,,,likely_benign,DNAH14,19,GAG,UAG,-11.30015367154454
likely_benign,EFCAB13,433,K,,,likely_benign,EFCAB13,433,AAG,UAG,-12.898983067040298
likely_benign,MATN4,55,Q,,,likely_benign,MATN4,55,CAG,UAG,-12.690424939322977
likely_benign,DRD5,62,C,,,likely_benign,DRD5,62,UGC,UGA,-9.909374318793091
likely_benign,COL6A5,1184,Q,,,likely_benign,COL6A5,1184,CAG,UAG,-11.8972758588877
likely_benign,ETV4,6,K,,,likely_benign,ETV4,6,AAA,UAA,-11.410968789594804
likely_benign,FAAH2,432,E,,,likely_benign,FAAH2,432,GAA,UAA,-9.490114226255743
likely_benign,TP53I3,252,S,,,likely_benign,TP53I3,252,UCA,UGA,-10.878795614174248
likely_benign,EFCAB5,296,W,,,likely_benign,EFCAB5,296,UGG,UAG,-13.169361137225367
likely_benign,KIAA1586,204,R,,,likely_benign,KIAA1586,204,CGA,UGA,-10.174425096004557
likely_benign,DCHS2,2507,L,,,likely_benign,DCHS2,2507,UUA,UGA,-10.339010333316669
likely_benign,SATL1,588,Q,,,likely_benign,SATL1,588,CAA,UAA,-10.982638349379432
likely_benign,CNKSR1,498,Q,,,likely_benign,CNKSR1,498,CAG,UAG,-11.695030180039462
likely_benign,EHHADH,551,R,,,likely_benign,EHHADH,551,CGA,UGA,-8.787708310950968
likely_benign,USP54,1395,R,,,likely_benign,USP54,1395,CGA,UGA,-8.331874759163867
likely_benign,LTBP4,1282,G,,,likely_benign,LTBP4,1282,GGA,UGA,-10.435368483802147
likely_benign,ASH1L,2963,R,,,likely_benign,ASH1L,2963,CGA,UGA,-8.297885839675452
likely_benign,DNAJB4,25,R,,,likely_benign,DNAJB4,25,CGA,UGA,-10.057993932124145
likely_benign,SATL1,303,Q,,,likely_benign,SATL1,303,CAA,UAA,-12.30146601342632
likely_benign,SLC22A11,48,R,,,likely_benign,SLC22A11,48,CGA,UGA,-10.947736701529402
likely_benign,CXCL8,31,E,,,likely_benign,CXCL8,31,GAA,UAA,-11.64140897350387
likely_benign,TRIM22,455,S,,,likely_benign,TRIM22,455,UCA,UAA,-12.68626588869489
likely_benign,CIBAR2,246,Q,,,likely_benign,CIBAR2,246,CAG,UAG,-10.36309625264516
likely_benign,KIAA1586,71,R,,,likely_benign,KIAA1586,71,CGA,UGA,-10.912641503124682
likely_benign,ASTE1,570,R,,,likely_benign,ASTE1,570,CGA,UGA,-9.068985954409138
likely_benign,FOLR3,124,W,,,likely_benign,FOLR3,124,UGG,UGA,-12.388809240673789
likely_benign,VMA21,58,E,,,likely_benign,VMA21,58,GAG,UAG,-12.604930841704768
likely_benign,PTH2R,82,S,,,likely_benign,PTH2R,82,UCG,UAG,-7.71708687930712
likely_benign,SEMA3G,655,C,,,likely_benign,SEMA3G,655,UGC,UGA,-13.734126087965432
likely_benign,PCDHA9,534,Q,,,likely_benign,PCDHA9,534,CAG,UAG,-11.405542346555846
likely_benign,CFAP47,4,Q,,,likely_benign,CFAP47,4,CAA,UAA,-10.759398396270672
likely_benign,TP53I3,222,W,,,likely_benign,TP53I3,222,UGG,UGA,-14.572393380340424
likely_benign,ZNF732,484,L,,,likely_benign,ZNF732,484,UUA,UGA,-8.026830623729396
likely_benign,PCSK9,453,W,,,likely_benign,PCSK9,453,UGG,UGA,-11.32231040708682
likely_benign,PCSK9,554,Q,,,likely_benign,PCSK9,554,CAA,UAA,-9.679077127834448
likely_benign,PCSK9,219,Q,,,likely_benign,PCSK9,219,CAG,UAG,-11.702169359682337
likely_benign,PCSK9,588,C,,,likely_benign,PCSK9,588,UGC,UGA,-10.449817652551951
likely_benign,TNFRSF18,229,S,,,likely_benign,TNFRSF18,229,UCG,UAG,-9.641182937446942
