Identifier,Chr,Gene,Transcriptid,Site,Ref,Mut,LLR
NM_198291.3(SRC):c.832C>T (p.Gln278Ter),chr20,SRC,NM_198291.3,278,CAG,UAG,-9.023803707293407
NM_198291.3(SRC):c.840C>A (p.Cys280Ter),chr20,SRC,NM_198291.3,280,UGC,UGA,-11.36155041355127
NM_198291.3(SRC):c.854G>A (p.Trp285Ter),chr20,SRC,NM_198291.3,285,UGG,UAG,-9.531479846702698
NM_198291.3(SRC):c.855G>A (p.Trp285Ter),chr20,SRC,NM_198291.3,285,UGG,UGA,-10.03565603332804
NM_198291.3(SRC):c.866G>A (p.Trp289Ter),chr20,SRC,NM_198291.3,289,UGG,UAG,-14.075118023136552
NM_198291.3(SRC):c.867G>A (p.Trp289Ter),chr20,SRC,NM_198291.3,289,UGG,UGA,-14.041804342809366
NM_198291.3(SRC):c.892A>T (p.Lys298Ter),chr20,SRC,NM_198291.3,298,AAA,UAA,-11.188358246403283
NM_198291.3(SRC):c.901A>T (p.Lys301Ter),chr20,SRC,NM_198291.3,301,AAG,UAG,-12.401812558375832
NM_198291.3(SRC):c.934C>T (p.Gln312Ter),chr20,SRC,NM_198291.3,312,CAG,UAG,-10.609147098477811
NM_198291.3(SRC):c.952A>T (p.Lys318Ter),chr20,SRC,NM_198291.3,318,AAG,UAG,-12.950906672603207
NM_198291.3(SRC):c.967G>T (p.Glu323Ter),chr20,SRC,NM_198291.3,323,GAG,UAG,-9.71963118045201
NM_198291.3(SRC):c.979C>T (p.Gln327Ter),chr20,SRC,NM_198291.3,327,CAG,UAG,-8.018166505865258
NM_198291.3(SRC):c.987T>A (p.Tyr329Ter),chr20,SRC,NM_198291.3,329,UAU,UAA,-11.47384833865695
NM_198291.3(SRC):c.987T>G (p.Tyr329Ter),chr20,SRC,NM_198291.3,329,UAU,UAG,-11.080795303627006
NM_198291.3(SRC):c.998C>A (p.Ser333Ter),chr20,SRC,NM_198291.3,333,UCA,UAA,-5.742340988068689
NM_198291.3(SRC):c.998C>G (p.Ser333Ter),chr20,SRC,NM_198291.3,333,UCA,UGA,-4.681160904869549
NM_198291.3(SRC):c.1000G>T (p.Glu334Ter),chr20,SRC,NM_198291.3,334,GAG,UAG,-12.426792167964427
NM_198291.3(SRC):c.1003G>T (p.Glu335Ter),chr20,SRC,NM_198291.3,335,GAG,UAG,-10.79919814335836
NM_198291.3(SRC):c.1046T>A (p.Leu349Ter),chr20,SRC,NM_198291.3,349,UUG,UAG,-8.38801289026952
NM_198291.3(SRC):c.1060A>T (p.Lys354Ter),chr20,SRC,NM_198291.3,354,AAG,UAG,-10.366193848803928
NM_198291.3(SRC):c.1066G>T (p.Glu356Ter),chr20,SRC,NM_198291.3,356,GAG,UAG,-8.728842712738281
NM_198291.3(SRC):c.1080C>A (p.Tyr360Ter),chr20,SRC,NM_198291.3,360,UAC,UAA,-11.50246341105033
NM_198291.3(SRC):c.1080C>G (p.Tyr360Ter),chr20,SRC,NM_198291.3,360,UAC,UAG,-10.571362536304866
NM_198291.3(SRC):c.1192G>T (p.Gly398Ter),chr20,SRC,NM_198291.3,398,GGA,UGA,-8.694710748974789
NM_198291.3(SRC):c.1209C>A (p.Cys403Ter),chr20,SRC,NM_198291.3,403,UGC,UGA,-10.16304112636513
NM_198291.3(SRC):c.1252G>T (p.Glu418Ter),chr20,SRC,NM_198291.3,418,GAG,UAG,-12.033433947200267
NM_198291.3(SRC):c.1257C>A (p.Tyr419Ter),chr20,SRC,NM_198291.3,419,UAC,UAA,-14.495581604460723
NM_198291.3(SRC):c.1257C>G (p.Tyr419Ter),chr20,SRC,NM_198291.3,419,UAC,UAG,-14.293952007895953
NM_198291.3(SRC):c.1267C>T (p.Gln423Ter),chr20,SRC,NM_198291.3,423,CAA,UAA,-10.270118655410913
NM_198291.3(SRC):c.1276A>T (p.Lys426Ter),chr20,SRC,NM_198291.3,426,AAA,UAA,-12.23531147959985
NM_198291.3(SRC):c.1292G>A (p.Trp431Ter),chr20,SRC,NM_198291.3,431,UGG,UAG,-13.94520663909345
NM_198291.3(SRC):c.1293G>A (p.Trp431Ter),chr20,SRC,NM_198291.3,431,UGG,UGA,-13.805573551166837
NM_198291.3(SRC):c.1317T>A (p.Tyr439Ter),chr20,SRC,NM_198291.3,439,UAU,UAA,-12.873425403922361
NM_198291.3(SRC):c.1317T>G (p.Tyr439Ter),chr20,SRC,NM_198291.3,439,UAU,UAG,-13.26786807041478
NM_198291.3(SRC):c.1333A>T (p.Lys445Ter),chr20,SRC,NM_198291.3,445,AAG,UAG,-12.356743774976703
NM_198291.3(SRC):c.1346G>A (p.Trp449Ter),chr20,SRC,NM_198291.3,449,UGG,UAG,-13.616822251354147
NM_198291.3(SRC):c.1347G>A (p.Trp449Ter),chr20,SRC,NM_198291.3,449,UGG,UGA,-13.190917016562617
NM_198291.3(SRC):c.1429C>T (p.Gln477Ter),chr20,SRC,NM_198291.3,477,CAG,UAG,-11.283241246983403
NM_198291.3(SRC):c.1435G>T (p.Glu479Ter),chr20,SRC,NM_198291.3,479,GAG,UAG,-11.629093145214194
NM_198291.3(SRC):c.1446C>A (p.Tyr482Ter),chr20,SRC,NM_198291.3,482,UAC,UAA,-14.635644947668375
NM_198291.3(SRC):c.1446C>G (p.Tyr482Ter),chr20,SRC,NM_198291.3,482,UAC,UAG,-14.149654344277153
NM_198291.3(SRC):c.1474G>T (p.Glu492Ter),chr20,SRC,NM_198291.3,492,GAG,UAG,-9.779402723640565
NM_198291.3(SRC):c.1498C>T (p.Gln500Ter),chr20,SRC,NM_198291.3,500,CAG,UAG,-9.202326689783417
NM_198291.3(SRC):c.1505G>A (p.Trp502Ter),chr20,SRC,NM_198291.3,502,UGG,UAG,-13.062111781123148
NM_198291.3(SRC):c.1506G>A (p.Trp502Ter),chr20,SRC,NM_198291.3,502,UGG,UGA,-12.595575328490607
NM_198291.3(SRC):c.1513G>T (p.Glu505Ter),chr20,SRC,NM_198291.3,505,GAG,UAG,-9.376936975603186
NM_198291.3(SRC):c.1519G>T (p.Glu507Ter),chr20,SRC,NM_198291.3,507,GAG,UAG,-11.616916742269698
NM_198291.3(SRC):c.1522G>T (p.Glu508Ter),chr20,SRC,NM_198291.3,508,GAG,UAG,-11.266030349480884
