Label,Gene,Site,Ref,Mut,LLR
pathogenic,PAH,399,GUA,GUU,-4.535809057970698
pathogenic,MANBA,125,AGA,AGG,-4.697175932735662
pathogenic,USH2A,317,CGG,AGG,-3.424662526359967
pathogenic,KCNQ1,344,GCG,GCA,-3.342084901758633
pathogenic,USH1C,72,GUG,GUA,-5.893816403909395
pathogenic,GHR,198,GAA,GAG,-5.008351769505476
pathogenic,AR,889,AGC,AGU,-3.435459631610028
pathogenic,ATP6AP2,107,GAC,GAU,-4.181104666471755
pathogenic,CYBB,84,GCG,GCA,-1.9318863597472171
pathogenic,FLNA,1739,ACG,ACA,-3.5387569749250654
pathogenic,TGFBR2,508,CAG,CAA,-4.907223262845083
pathogenic,RB1,737,GAG,GAA,-3.3244007173276056
pathogenic,RLBP1,47,AAG,AAA,-5.0312123871414
pathogenic,FGFR2,344,GCG,GCA,-3.056439899265552
pathogenic,MAPT,688,AAU,AAC,-2.798224420509469
pathogenic,LMNA,608,GGC,GGU,-3.6484861474391126
pathogenic,FBN1,2118,AUC,AUU,-2.99113446911603
pathogenic,COL9A2,62,CCG,CCC,-4.533793938968506
pathogenic,GAMT,109,AAG,AAA,-5.544450792832429
pathogenic,CFTR,996,CAG,CAA,-5.127717500070048
pathogenic,GCK,161,AAG,AAA,-5.026841144202298
pathogenic,BRCA2,3039,CCG,CCA,-0.9337985704387708
pathogenic,SMCHD1,1522,ACG,ACA,-0.9872710580076468
pathogenic,TSC2,1554,CAG,CAA,-6.575348859242872
pathogenic,TSC2,914,AAG,AAA,-4.933726886775311
pathogenic,KCNQ1,344,GCG,GCC,-3.507593163043772
pathogenic,CFTR,1156,UUG,UUA,-4.541973977462613
pathogenic,CFTR,1239,AGG,AGA,-2.2514690778879456
pathogenic,BRCA1,1395,CAG,CAA,-4.897739433763054
pathogenic,MLH1,346,CAG,CAA,-5.059671368429646
pathogenic,MLH1,577,UCG,UCA,-1.2875881479452107
pathogenic,MLH1,632,GAG,GAA,-3.560632718992104
pathogenic,MLH1,663,GAG,GAA,-3.707214872963333
pathogenic,MLH1,294,CUC,CUU,-4.202278153754285
pathogenic,MSH2,878,GAG,GAA,-3.366025003128837
pathogenic,MSH2,314,CAG,CAA,-4.197306689065354
pathogenic,PDHA1,161,UAC,UAU,-3.1135663009175505
pathogenic,GRN,88,GAG,GAA,-5.4305715796132095
pathogenic,PIGN,321,CAG,CAA,-3.869368593940203
pathogenic,ATM,2269,CAG,CAA,-4.7823705501447975
pathogenic,CDH1,379,ACG,ACA,-3.364740658913287
pathogenic,TCF4,330,UCG,UCA,-2.0939135872513286
pathogenic,GNE,237,UUG,UUA,-4.143683468134154
pathogenic,DMD,1602,GGA,GGU,-5.449176299795134
pathogenic,MECP2,16,GGC,GGU,-4.644987583848519
pathogenic,LMNA,256,GUG,GUA,-6.139072901806145
pathogenic,FBN1,2151,UGC,UGU,-1.841324828090968
pathogenic,IBA57,226,CAA,CAG,-2.6311076058140426
pathogenic,SCN1A,554,CAG,CAA,-5.24176551804651
pathogenic,KIAA0586,552,CAG,CAA,-3.661793628241582
pathogenic,COL17A1,1052,GGC,GGU,-3.607152693534653
pathogenic,COL5A2,659,CCG,CCA,-2.231915039379404
pathogenic,DGUOK,197,CAG,CAA,-4.733507104511945
pathogenic,SH3TC2,93,AAG,AAA,-4.921544593912646
pathogenic,KIAA0586,1048,CCG,CCA,-0.934675174567769
pathogenic,POLK,428,GCG,GCA,0.3471310738826303
pathogenic,POLK,447,CAG,CAA,-4.015195392016803
pathogenic,POLK,564,AAG,AAA,-3.2605108348694616
pathogenic,COL4A3,255,ACG,ACU,-2.3439144714124374
pathogenic,NALCN,1130,CCG,CCA,-2.6880815824087123
pathogenic,NONO,377,GCG,GCA,-1.573653489159272
pathogenic,VHL,138,CCA,CCG,-5.312073237052612
pathogenic,CDH1,336,GAG,GAA,-3.598455954114705
pathogenic,MYO15A,2780,ACG,ACA,-3.793585487935247
pathogenic,POMGNT1,212,UUC,UUU,-2.392500854943916
pathogenic,KAT6B,1049,CCG,CCA,-2.3233723633649763
pathogenic,GAA,182,ACG,ACA,-3.2422480532845346
pathogenic,ATP8B1,93,GCG,GCA,-0.7041146230488255
pathogenic,GAA,182,ACG,ACU,-2.632052910164496
pathogenic,COL7A1,2448,GUG,GUA,-5.850842001288267
pathogenic,NF1,903,GUG,GUA,-4.411792779110041
pathogenic,SCN5A,2015,GUG,GUA,-6.262339108379493
pathogenic,BEST1,34,GGC,GGU,-5.220312654870964
pathogenic,NF1,2288,CAA,CAG,-4.250893176622038
pathogenic,CWC27,165,GAG,GAA,-2.5959392015416074
pathogenic,RPE65,367,AGA,AGG,-4.697312726598812
pathogenic,KIF11,974,CCG,CCA,-0.3075467005105139
pathogenic,FBXL4,439,GAG,GAA,-2.9061989557372447
pathogenic,F8,523,CUG,CUU,-3.53299900474045
pathogenic,ATP6V0A4,524,CCG,CCA,-3.02725741663036
pathogenic,MTHFR,510,AAG,AAA,-4.765697078428319
pathogenic,AHI1,702,ACG,ACA,-0.7594640227020522
pathogenic,KIAA0586,277,CUC,CUU,-3.630471284426803
pathogenic,APC,653,AGG,CGG,-5.438800856301047
pathogenic,FLNA,355,AAG,AAA,-5.538608566547021
pathogenic,GHR,315,AAG,AAA,-3.253224883036048
pathogenic,CTNNB1,561,GUG,GUC,-5.954169361488868
pathogenic,STXBP1,370,CAG,CAA,-4.889675202792152
pathogenic,RB1,287,GAG,GAA,-2.660054250937862
pathogenic,EDA,247,CAG,CAA,-5.048213022557259
pathogenic,DBT,339,AAG,AAA,-3.4645896335978112
pathogenic,CTNS,227,GAG,GAA,-5.371540990083147
pathogenic,ATRX,1439,AAG,AAA,-3.3764889841849826
pathogenic,NF1,950,CAG,CAA,-3.756397667086607
pathogenic,MPZ,137,GGC,GGU,-6.357704188832244
pathogenic,SLC2A1,419,GGC,GGU,-6.775780720358914
pathogenic,WDR35,1115,UUG,UUA,-3.881444966417341
pathogenic,DNAH5,2148,CAG,CAA,-4.607807624740073
pathogenic,DPAGT1,120,CUG,CUC,-5.432306763789275
pathogenic,NF1,615,AAG,AAA,-3.995810922626674
pathogenic,RYR1,4274,GGC,GGU,-6.340773497367374
pathogenic,CTU2,291,ACG,ACA,-4.103457453019599
pathogenic,BRCA1,1691,ACA,ACU,-4.277078151102403
pathogenic,ABCC6,1347,CAG,CAA,-6.845542439071691
pathogenic,MLH1,181,GGC,GGU,-4.844146332777355
pathogenic,IGF1R,128,AUU,AUC,-4.10037710409495
pathogenic,NEB,8193,UCG,UCC,-4.023299762391761
pathogenic,COL6A3,2103,AAG,AAA,-4.373082183807539
pathogenic,CYP11B2,318,ACG,ACA,-3.431261852339131
pathogenic,RUNX2,246,CUC,CUU,-5.281371621141148
pathogenic,RPE65,225,AUC,AUA,-2.2711849173765595
pathogenic,TBK1,29,AAG,AAA,-3.5121497923040472
pathogenic,ABCA4,1423,GGC,GGU,-6.32983258876733
pathogenic,CDH23,2624,GAG,GAA,-6.900954290404558
pathogenic,CDKL5,367,CUA,UUA,-3.908002884437548
pathogenic,CLCN1,550,ACG,ACA,-1.819886737536086
pathogenic,ENG,437,CGG,CGA,-5.607682694154974
pathogenic,ARHGEF9,315,GAG,GAA,-4.933911748524456
pathogenic,PNPT1,606,GUU,GUG,-4.8542136742576405
pathogenic,GABRG3,375,AAC,AAU,-4.226810445279974
pathogenic,MYSM1,133,CUG,CUA,-4.126624994986664
pathogenic,FANCL,364,AAG,AAA,-3.047708563213876
pathogenic,DICER1,1813,GAG,GAA,-4.106048194221217
pathogenic,SCN1A,390,CUG,CUA,-4.5875463565795815
pathogenic,FLCN,392,CGG,CGC,-3.7894914483178574
pathogenic,BRAT1,465,ACG,ACA,-4.197824462701484
pathogenic,PKD1,226,GAG,GAA,-6.523530603391859
pathogenic,SHANK3,1259,GAG,GAA,-6.334439792365544
pathogenic,MITF,270,CUG,UUG,-4.019896503989646
pathogenic,KAT6B,866,AGG,AGA,-4.370363147902365
pathogenic,COL7A1,2167,CCG,CCU,-2.9607488063766154
pathogenic,MYT1L,527,CUG,UUG,-5.229721037046714
pathogenic,FOXP1,450,GCA,GCU,-4.557137498952535
pathogenic,RPS6KA3,162,GAG,GAA,-3.0923614527757217
pathogenic,CYP21A2,318,CUG,UUG,-5.452311964958361
pathogenic,CYP21A2,356,CUG,UUG,-5.4796470992861845
pathogenic,CYP21A2,453,CUG,UUG,-6.811925922283534
pathogenic,SPAST,414,AAA,AAG,-2.583370686917692
pathogenic,ERLIN2,273,AAG,AAA,-4.208893783404767
pathogenic,SPAST,260,CUU,CUG,-5.126637978611912
pathogenic,GATA1,73,CCA,CCG,-4.711059602647417
pathogenic,COL4A4,64,CGG,CGA,-3.221238574225719
pathogenic,ARPC1B,261,GCG,GCA,-4.687357826533354
pathogenic,COL7A1,714,GGA,GGG,-4.282867979392957
pathogenic,KIF11,974,CCG,CCU,-0.4782842565649012
pathogenic,COL7A1,1655,GGC,GGU,-3.4864863960030386
pathogenic,ALDH7A1,278,GUG,GUC,-4.649807409314081
pathogenic,ENG,378,GCG,GCC,-1.6641193730804955
pathogenic,RB1,444,CAG,CAA,-4.608518106231239
pathogenic,EDA,267,UCA,UCG,-5.852197123797934
pathogenic,FOXP1,574,CAG,CAA,-3.937555306065856
pathogenic,GATA2,117,ACC,ACG,-4.6256585675447806
pathogenic,PDHA1,166,AUC,AUU,-2.294252365012613
pathogenic,CAPN3,739,UCC,UCG,-3.641282329457331
pathogenic,COL1A2,264,AAG,AAA,-3.8756346801712738
pathogenic,TMEM67,813,GCG,GCA,0.0081096964334941
pathogenic,NF1,2286,AAC,AAU,-4.742146494410084
pathogenic,SLC3A1,337,CCG,CCA,-1.9930320130765904
pathogenic,ABCD1,408,GAG,GAA,-5.715796438795348
pathogenic,DNAH5,3006,GGC,GGU,-5.201960565392965
pathogenic,COL7A1,1337,CCG,CCA,-3.198473901150888
pathogenic,COL1A1,111,GAG,GAA,-4.465828349774293
pathogenic,OPA1,383,AAG,AAA,-2.959253787995596
pathogenic,NBAS,2280,ACG,ACC,-3.844822400216575
pathogenic,TCIRG1,210,ACG,ACA,-4.511392639585703
pathogenic,PTS,81,GAG,GAA,-3.200893686513193
pathogenic,HEXA,190,CUG,CUU,-4.805745679609742
pathogenic,COL7A1,2282,CUG,CUC,-4.219469541431759
pathogenic,F11,342,GGG,GGU,-5.723227524243905
pathogenic,ADA2,251,CCG,CCA,-3.228978223650055
pathogenic,KMT2B,1691,GGC,GGU,-6.315463036841077
pathogenic,ITGA2B,1020,AAG,AAA,-4.98776909656985
pathogenic,ACADVL,184,AUC,AUA,-5.1087970449951845
pathogenic,SETSIP,216,GAG,GAA,-2.7737851506186626
pathogenic,FA2H,262,AAG,AAA,-6.667944458820526
pathogenic,KMT2D,170,CAG,CAA,-5.783329993776163
pathogenic,SPG11,2068,ACA,ACG,-6.199441439380644
pathogenic,ARL6,178,CAA,CAG,-3.975762409517502
pathogenic,ALDH7A1,53,GGC,GGU,-2.477465179130881
pathogenic,HEXA,190,CUG,CUA,-4.786802653516298
pathogenic,SCN1A,231,CCA,CCU,-3.9702328077632063
pathogenic,CEP290,60,AAG,AAA,-3.3362379460879783
pathogenic,SCN1A,231,CCA,CCG,-6.088149952049061
pathogenic,KMT2D,5505,GGA,GGU,-4.385645848289833
pathogenic,SMC1A,445,AGC,AGU,-5.688468495789566
pathogenic,VPS13A,2602,CCG,CCA,-1.0594390837079102
pathogenic,SF3B4,139,GGC,GGU,-5.5871695992548975
pathogenic,CDKN2A,55,GGC,GGU,-6.58833541942783
pathogenic,DCLRE1B,269,CAC,CAU,-3.1458208207728022
pathogenic,CDK10,264,CCG,CCA,-3.518178921664389
pathogenic,CYP11B2,318,ACG,ACC,-1.384007465429283
pathogenic,ABCB11,241,CUG,UUG,-4.350059949850494
pathogenic,ASPM,1688,ACU,ACN,
pathogenic,ATM,24,AAG,AAA,-4.220100898610984
pathogenic,COL7A1,2341,AAG,AAA,-5.0086039792899255
pathogenic,TSC2,1383,AGC,AGU,-6.566735279277227
pathogenic,ALG1,421,CAG,CAA,-5.989070402691428
pathogenic,FGFR2,361,CCA,CCU,-4.625877892629798
pathogenic,FECH,359,GAG,GAA,-4.074195826379369
pathogenic,LAMA2,790,CCU,CCA,-4.042949212031804
pathogenic,ARID1B,1493,CCG,CCC,-2.817486989132684
pathogenic,TSC2,112,CAG,CAA,-6.069249179870981
pathogenic,ITGB4,620,GCG,GCA,-4.211007248668352
pathogenic,COL17A1,1066,AGC,AGU,-5.363450992029692
pathogenic,F9,241,CAG,CAA,-3.694331132099488
pathogenic,CEP290,1103,GAG,GAA,-3.448488701565418
pathogenic,COL1A2,621,AAG,AAA,-3.6658006284835496
pathogenic,CLCN1,118,GGG,GGA,-3.840884609351708
pathogenic,TMEM231,11,GUC,GUA,-5.585417715714801
pathogenic,RB1,88,UUG,UUA,-3.5027613404500064
pathogenic,ITGB3,605,GGC,GGU,-6.663806006058586
pathogenic,ITGB3,477,GGC,GGU,-6.758899687349189
pathogenic,COL4A3,329,AAG,AAA,-3.215829832703782
